bundesland,year,target,x_t-3,x_t-2,x_t-1,year-unnormalized
Baden-Württemberg,-1.6771039195047461,10234026.0,1.0103633050494223,1.0445887626792212,1.0719246118068324,1993
Baden-Württemberg,-1.5689036666334721,10272069.0,1.0490045302116129,1.0760597330754176,1.0901589164356982,1994
Baden-Württemberg,-1.4607034137621981,10319367.0,1.080565982704595,1.0943417295093765,1.0982895295653536,1995
Baden-Württemberg,-1.3525031608909244,10374505.0,1.0989005416541027,1.1024936082493504,1.1083981366627549,1996
Baden-Württemberg,-1.2443029080196504,10396610.0,1.1070758578372775,1.1126286543982684,1.1201823215783224,1997
Baden-Württemberg,-1.1361026551483764,10426040.0,1.1172400432283298,1.124443660837421,1.1249066388832414,1998
Baden-Württemberg,-1.0279024022771024,10475932.0,1.1290890189586322,1.1291803345894156,1.1311964673511792,1999
Baden-Württemberg,-0.9197021494058285,10524415.0,1.133839311107755,1.1354866140972735,1.1418594684358667,2000
Baden-Württemberg,-0.8115018965345546,10600906.0,1.140163721781751,1.146177504250384,1.1522213357009374,2001
Baden-Württemberg,-0.7033016436632806,10661320.0,1.150885349282499,1.1565664729686804,1.1685691192327428,2002
Baden-Württemberg,-0.5951013907920067,10692556.0,1.1613041872949814,1.1729570141115806,1.1814808996290047,2003
Baden-Württemberg,-0.48690113792073275,10717419.0,1.177741852835744,1.1859025652562536,1.1881567094157701,2004
Baden-Württemberg,-0.3787008850494588,10735701.0,1.1907246236974092,1.1925958356166833,1.193470471060294,2005
Baden-Württemberg,-0.2705006321781849,10738753.0,1.1974371378602682,1.1979234953993494,1.1973777304571964,2006
Baden-Württemberg,-0.1623003793069109,10749755.0,1.2027801151823057,1.2018409742292053,1.1980300089649827,2007
Baden-Württemberg,-0.05410012643563697,10749506.0,1.2067088571443172,1.202494958770761,1.2003813746735879,2008
Baden-Württemberg,0.05410012643563697,10744921.0,1.207364721954954,1.2048524744739704,1.2003281579801282,2009
Baden-Württemberg,0.1623003793069109,10753880.0,1.2097290157448046,1.2047991185923035,1.1993482441668255,2010
Baden-Württemberg,0.2705006321781849,10512441.0,1.2096755064597953,1.203816641815425,1.2012629765230693,2011
Baden-Württemberg,0.3787008850494588,10569111.0,1.2086902049667516,1.205736382152187,1.1496622325383452,2012
Baden-Württemberg,0.48690113792073275,10631278.0,1.2106154647434533,1.154000676474386,1.1617738390377688,2013
Baden-Württemberg,0.5951013907920067,10716644.0,1.15873101388654,1.166143960868212,1.175060273504853,2014
Baden-Württemberg,0.7033016436632806,10879618.0,1.1709092114025226,1.1794651459910457,1.1933048367734218,2015
Baden-Württemberg,0.8115018965345546,10951893.0,1.1842686962265225,1.1977574278961693,1.2281359106685523,2016
Baden-Württemberg,0.9197021494058285,11023425.0,1.2026135702189233,1.2326796024294218,1.2435826436797723,2017
Baden-Württemberg,1.0279024022771024,11069533.0,1.2376361493960844,1.2481667363550224,1.2588705814972554,2018
Baden-Württemberg,1.1361026551483764,11100394.0,1.253167810336046,1.2634946597582193,1.268724859818685,2019
Baden-Württemberg,1.2443029080196504,11103043.0,1.2685398030078874,1.2733747119345122,1.2753205239827703,2020
Baden-Württemberg,1.3525031608909244,11124642.0,1.278448261293875,1.2799876270514678,1.275886672661383,2021
Baden-Württemberg,1.4607034137621981,11167721.0,1.2850801891841295,1.2805552564913698,1.2805028468060988,2022
Baden-Württemberg,1.5689036666334721,11230740.0,1.2856494506138074,1.2851835042348363,1.2897097622179334,2023
Baden-Württemberg,1.6771039195047461,11245898.0,1.2902910050190959,1.294414500324507,1.3031782875397468,2024
Bayern,-1.6771039195047461,11863313.0,1.3599564408569058,1.3861799740914318,1.418484756637144,1993
Bayern,-1.5689036666334721,11921944.0,1.3915778495367057,1.4235263056098149,1.4383728394748068,1994
Bayern,-1.4607034137621981,11993484.0,1.4290315553857973,1.4434664057077833,1.4509035541504325,1995
Bayern,-1.3525031608909244,12043869.0,1.4490289852084064,1.4560298944548173,1.4661932017411994,1996
Bayern,-1.2443029080196504,12066375.0,1.4616285952059282,1.4713595321032085,1.4769615676045036,1997
Bayern,-1.1361026551483764,12086548.0,1.4770023070515852,1.4821560626164063,1.4817715872952752,1998
Bayern,-1.0279024022771024,12154967.0,1.4878298786387172,1.4869786629087558,1.486082994352146,1999
Bayern,-0.9197021494058285,12230255.0,1.4926663443753452,1.4913013464463711,1.5007056166405537,2000
Bayern,-0.8115018965345546,12329714.0,1.4970014560480098,1.5059622141884073,1.5167962930148011,2001
Bayern,-0.7033016436632806,12387351.0,1.511704475208871,1.522094975710242,1.53805283564452,2002
Bayern,-0.5951013907920067,12423386.0,1.5278836199871184,1.543407114805452,1.5503711109896279,2003
Bayern,-0.48690113792073275,12443893.0,1.5492570335523574,1.555757608587117,1.5580725710250387,2004
Bayern,-0.3787008850494588,12468726.0,1.5616430362032958,1.5634792117833676,1.56245536111651,2005
Bayern,-0.2705006321781849,12492658.0,1.5693868397587647,1.5678734650578372,1.5677627111112196,2006
Bayern,-0.1623003793069109,12520332.0,1.5737937269382292,1.5731946964210255,1.572877497889836,2007
Bayern,-0.05410012643563697,12519728.0,1.5791302573584585,1.5783228609192264,1.5787920311219703,2008
Bayern,0.05410012643563697,12510331.0,1.58427316582771,1.5842528636069755,1.5786629432390402,2009
Bayern,0.1623003793069109,12538696.0,1.5902202178491904,1.5841234380948197,1.576654600795506,2010
Bayern,0.2705006321781849,12443372.0,1.5900904202261157,1.5821098428336802,1.5827168156950322,2011
Bayern,0.3787008850494588,12519571.0,1.588071035683012,1.5881879134500712,1.5623440121313998,2012
Bayern,0.48690113792073275,12604244.0,1.5941665813428114,1.5677618248395704,1.5786293889383447,2013
Bayern,0.5951013907920067,12691568.0,1.5736817657434907,1.5840897960328852,1.5967258430962006,2014
Bayern,0.7033016436632806,12843514.0,1.5900566814399852,1.6022335814480684,1.61538887337599,2015
Bayern,0.8115018965345546,12930751.0,1.608252632000613,1.6209454248644524,1.6478630247993429,2016
Bayern,0.9197021494058285,12997204.0,1.6270182737843724,1.6535045123976144,1.6665074612946704,2017
Bayern,1.0279024022771024,13076721.0,1.6596709718567821,1.672197713397512,1.6807099067985736,2018
Bayern,1.1361026551483764,13124737.0,1.6784179176252974,1.686437305383094,1.6977044120749925,2019
Bayern,1.2443029080196504,13140183.0,1.6926984498209843,1.703476259770669,1.7079664713246188,2020
Bayern,1.3525031608909244,13176989.0,1.7097863928574828,1.713765159425759,1.7112676160923987,2021
Bayern,1.4607034137621981,13105221.0,1.7201048740984817,1.7170749383343002,1.71913385552804,2022
Bayern,1.5689036666334721,13176426.0,1.7234241689428769,1.724961751911134,1.7037954793986836,2023
Bayern,1.6771039195047461,13248928.0,1.7313336578748204,1.7095832582747106,1.7190135302331895,2024
Berlin,-1.6771039195047461,3475392.0,-0.362468332389625,-0.36019424629562624,-0.356368696317176,1993
Berlin,-1.5689036666334721,3472009.0,-0.3598173663660295,-0.35596927473407575,-0.35430756462350316,1994
Berlin,-1.4607034137621981,3471418.0,-0.3555802476008517,-0.3539027521525677,-0.3550305850009083,1995
Berlin,-1.3525031608909244,3458763.0,-0.35350778356619256,-0.3546276635890299,-0.35515689450225224,1996
Berlin,-1.2443029080196504,3425759.0,-0.35423477919344803,-0.35475430345274533,-0.35786154211563154,1997
Berlin,-1.1361026551483764,3398822.0,-0.35436178315907263,-0.3574660250691891,-0.3649152117981262,1998
Berlin,-1.0279024022771024,3386667.0,-0.3570813012385637,-0.3645381436175187,-0.3706722321664864,1999
Berlin,-0.9197021494058285,3382169.0,-0.36417375281466186,-0.3703102214667598,-0.3732700189496255,2000
Berlin,-0.8115018965345546,3388434.0,-0.3699624259483837,-0.37291480275857125,-0.3742313389784663,2001
Berlin,-0.7033016436632806,3392425.0,-0.37257449566440215,-0.3738786371189635,-0.37289237277555665,2002
Berlin,-0.5951013907920067,3388477.0,-0.3735411011422015,-0.3725361688513207,-0.37203940962857945,2003
Berlin,-0.48690113792073275,3387828.0,-0.37219477314789007,-0.37168097478010553,-0.372883182744156,2004
Berlin,-0.3787008850494588,3395189.0,-0.3713371203106519,-0.37252695478340225,-0.3730218881018078,2005
Berlin,-0.2705006321781849,3404037.0,-0.3721855325886314,-0.372666022924775,-0.3714486829590117,2006
Berlin,-0.1623003793069109,3416255.0,-0.3723250005644188,-0.37108870306553815,-0.3695576737070812,2007
Berlin,-0.05410012643563697,3431675.0,-0.3707431457573755,-0.3691927478808448,-0.3669464224593318,2008
Berlin,0.05410012643563697,3442675.0,-0.36884173951736465,-0.3665746669081296,-0.36365083445472424,2009
Berlin,0.1623003793069109,3460725.0,-0.36621613130754865,-0.3632704592964692,-0.36129989618944,2010
Berlin,0.2705006321781849,3326002.0,-0.36290242377805426,-0.3609133721545583,-0.357442220217769,2011
Berlin,0.3787008850494588,3375222.0,-0.36053855978165744,-0.3570456064353319,-0.3862354434826682,2012
Berlin,0.48690113792073275,3421829.0,-0.3566596738602973,-0.38591413834620947,-0.37571606335382357,2013
Berlin,0.5951013907920067,3469849.0,-0.3856112056045305,-0.3753672447894048,-0.36575513792381414,2014
Berlin,0.7033016436632806,3520031.0,-0.37503398870428956,-0.36538026656912864,-0.35549222378754597,2015
Berlin,0.8115018965345546,3574830.0,-0.36501829695155635,-0.3550905097914415,-0.34476724342131915,2016
Berlin,0.9197021494058285,3613495.0,-0.3546989561236496,-0.3443374782500443,-0.3330555101486544,2017
Berlin,1.0279024022771024,3644826.0,-0.3439150085720874,-0.3325951129509923,-0.3247919621461802,2018
Berlin,1.1361026551483764,3669491.0,-0.33213888283221943,-0.32430995164717574,-0.31809584880166925,2019
Berlin,1.2443029080196504,3664088.0,-0.3238299008848847,-0.3175963246250659,-0.3128244040459205,2020
Berlin,1.3525031608909244,3677472.0,-0.3170969715329658,-0.312311092410954,-0.313979142177496,2021
Berlin,1.4607034137621981,3632853.0,-0.31179654376286337,-0.3134688507589308,-0.31111869147362653,2022
Berlin,1.5689036666334721,3662381.0,-0.31295763077854805,-0.31060091854917304,-0.32065473824260093,2023
Berlin,1.6771039195047461,3685265.0,-0.310081452985114,-0.3201619068387112,-0.314343965051936,2024
Brandenburg,-1.6771039195047461,2537661.0,-0.5462873393741594,-0.5537556710215528,-0.55365451994164,1993
Brandenburg,-1.5689036666334721,2536747.0,-0.5539352989894109,-0.5537710992282998,-0.5547209910274371,1994
Brandenburg,-1.4607034137621981,2542042.0,-0.5539507715537508,-0.5548403596681303,-0.5549163326251162,1995
Brandenburg,-1.3525031608909244,2554441.0,-0.5550231062212072,-0.5550362121815582,-0.5537846764328725,1996
Brandenburg,-1.2443029080196504,2573291.0,-0.5552195218296351,-0.5539015961437019,-0.5511347415645762,1997
Brandenburg,-1.1361026551483764,2590375.0,-0.5540816436604605,-0.5512447303734699,-0.5471060882645209,1998
Brandenburg,-1.0279024022771024,2601207.0,-0.5514171391430674,-0.5472055401348318,-0.543454867416874,1999
Brandenburg,-0.9197021494058285,2601962.0,-0.547366335840151,-0.5435447695227951,-0.5411398343905505,2000
Brandenburg,-0.8115018965345546,2593040.0,-0.54369504015702,-0.5412236815299607,-0.5409784745368877,2001
Brandenburg,-0.7033016436632806,2582379.0,-0.5413672788107499,-0.5410618996397658,-0.5428852991916938,2002
Brandenburg,-0.5951013907920067,2574521.0,-0.5412050317819063,-0.5429737115925048,-0.5451637858140752,2003
Brandenburg,-0.48690113792073275,2567704.0,-0.5431223403797111,-0.545258157594315,-0.54684321062213,2004
Brandenburg,-0.3787008850494588,2559483.0,-0.5454133543856734,-0.5469419749362363,-0.5483001511816249,2005
Brandenburg,-0.2705006321781849,2547772.0,-0.5471020128660086,-0.5484027261222733,-0.5500571569524342,2006
Brandenburg,-0.1623003793069109,2535737.0,-0.5485669638535937,-0.5501643273398777,-0.55256005131832,2007
Brandenburg,-0.05410012643563697,2522493.0,-0.5503336298458099,-0.5526737680234157,-0.5551321915022014,2008
Brandenburg,0.05410012643563697,2511525.0,-0.5528502854150648,-0.5552526356373154,-0.5579627211736037,2009
Brandenburg,0.1623003793069109,2503273.0,-0.5554365675238497,-0.558090568556176,-0.5603068203457525,2010
Brandenburg,0.2705006321781849,2453180.0,-0.5582826597755115,-0.5604407987173105,-0.5620704514880367,2011
Brandenburg,0.3787008850494588,2449511.0,-0.560639647076646,-0.562209042635042,-0.5727764106264808,2012
Brandenburg,0.48690113792073275,2449193.0,-0.5624129748673975,-0.5729430031986548,-0.5735605553987833,2013
Brandenburg,0.5951013907920067,2457872.0,-0.5731777966102616,-0.5737291989008066,-0.573628518886816,2014
Brandenburg,0.7033016436632806,2484826.0,-0.5739662527014233,-0.5737973401472728,-0.5717736285955067,2015
Brandenburg,0.8115018965345546,2494648.0,-0.574034589860592,-0.5719375983923052,-0.5660129749589184,2016
Brandenburg,0.9197021494058285,2504040.0,-0.5721695011674348,-0.5661618777720265,-0.56391380080968,2017
Brandenburg,1.0279024022771024,2511917.0,-0.5663771747893549,-0.5640572132349494,-0.5619065269744482,2018
Brandenburg,1.1361026551483764,2521893.0,-0.5642664591372996,-0.5620446893770561,-0.5602230414548443,2019
Brandenburg,1.2443029080196504,2531071.0,-0.5622481490778306,-0.5603568007027987,-0.5580909541698919,2020
Brandenburg,1.3525031608909244,2537868.0,-0.5605554075596836,-0.5582191369457348,-0.5561294167700029,2021
Brandenburg,1.4607034137621981,2545159.0,-0.5584115978116786,-0.5562524691467842,-0.5546767506437177,2022
Brandenburg,1.5689036666334721,2554464.0,-0.5564392756517759,-0.5547960035737325,-0.5531185060171552,2023
Brandenburg,1.6771039195047461,2556747.0,-0.5549786225987297,-0.5532336833599442,-0.5511298259663852,2024
Bremen,-1.6771039195047461,683096.0,-0.9538705718445221,-0.9521117549498049,-0.9504941814515858,1993
Bremen,-1.5689036666334721,680029.0,-0.9534366953528198,-0.9516486944667442,-0.9510817022962464,1994
Bremen,-1.4607034137621981,679757.0,-0.9529723035258914,-0.9522377519715726,-0.9517371866289398,1995
Bremen,-1.3525031608909244,677770.0,-0.9535630546282635,-0.9528949507228671,-0.9517953189205904,1996
Bremen,-1.2443029080196504,673883.0,-0.9542221428898043,-0.9529532350594672,-0.952219983859965,1997
Bremen,-1.1361026551483764,667965.0,-0.9542805947995334,-0.953379010709556,-0.9530507199542523,1998
Bremen,-1.0279024022771024,663065.0,-0.9547075945959735,-0.9542119195932476,-0.9543155247409751,1999
Bremen,-0.9197021494058285,660225.0,-0.9555428981736094,-0.9554800324755955,-0.9553627608773291,2000
Bremen,-0.8115018965345546,659651.0,-0.9568146570036709,-0.9565300076569923,-0.9559697303930934,2001
Bremen,-0.7033016436632806,662098.0,-0.9578676509657021,-0.9571385647009037,-0.9560924066262091,2002
Bremen,-0.5951013907920067,663129.0,-0.9584779576702264,-0.9572615617935816,-0.9555694297230136,2003
Bremen,-0.48690113792073275,663213.0,-0.9586013083914929,-0.9567372170448311,-0.9553490826910583,2004
Bremen,-0.3787008850494588,663467.0,-0.9580754561006581,-0.9565162936954392,-0.955331130071578,2005
Bremen,-0.2705006321781849,663979.0,-0.9578538975751776,-0.956498294120901,-0.955276844769816,2006
Bremen,-0.1623003793069109,663082.0,-0.9578358462501142,-0.9564438668359878,-0.95516741927965,2007
Bremen,-0.05410012643563697,661866.0,-0.9577812624814702,-0.9563341551435643,-0.9553591276091009,2008
Bremen,0.05410012643563697,661716.0,-0.9576712353572743,-0.9565263648859547,-0.955619013148245,2009
Bremen,0.1623003793069109,660706.0,-0.957863997721344,-0.9567869301554605,-0.9556510713973171,2010
Bremen,0.2705006321781849,652182.0,-0.9581253121413094,-0.9568190722528501,-0.9558669302744023,2011
Bremen,0.3787008850494588,654774.0,-0.9581575466503511,-0.9570354957086075,-0.9576886937083371,2012
Bremen,0.48690113792073275,657391.0,-0.9583745923445658,-0.9588620239629391,-0.957134727164372,2013
Bremen,0.5951013907920067,661888.0,-0.9602063720450463,-0.9583066085200451,-0.9565754175788947,2014
Bremen,0.7033016436632806,671489.0,-0.9596493597288045,-0.9577458360609197,-0.9556143112717145,2015
Bremen,0.8115018965345546,678753.0,-0.959086974994389,-0.9567822159811766,-0.9535623696094423,2016
Bremen,0.9197021494058285,681032.0,-0.9581205844133166,-0.954724907467587,-0.9520098954677128,2017
Bremen,1.0279024022771024,682986.0,-0.956057360937916,-0.9531683728313288,-0.951522823803478,2018
Bremen,1.1361026551483764,681202.0,-0.9544963511133864,-0.9526800272316548,-0.9511052116788993,2019
Bremen,1.2443029080196504,680130.0,-0.9540066014726784,-0.9522613228429917,-0.9514864911211963,2020
Bremen,1.3525031608909244,676463.0,-0.9535866932682275,-0.9526435995212797,-0.9517156007412313,2021
Bremen,1.4607034137621981,695758.0,-0.9539700690290976,-0.9528733083772915,-0.9524993180702128,2022
Bremen,1.5689036666334721,702655.0,-0.9542004383203829,-0.9536590755181448,-0.9483755586312438,2023
Bremen,1.6771039195047461,704881.0,-0.9549884646180908,-0.9495245303905839,-0.9469015203389105,2024
Hamburg,-1.6771039195047461,1702887.0,-0.7452707487923063,-0.7410296729367567,-0.7361441792893864,1993
Hamburg,-1.5689036666334721,1705872.0,-0.7417477318507673,-0.7367380600932849,-0.7331302764332919,1994
Hamburg,-1.4607034137621981,1707901.0,-0.7374437802035094,-0.7337162743773552,-0.7324923172767579,1995
Hamburg,-1.3525031608909244,1707986.0,-0.7344133065601288,-0.7330766466393003,-0.7320586760276432,1996
Hamburg,-1.2443029080196504,1704731.0,-0.7337718398301974,-0.7326418712019424,-0.7320405096865024,1997
Hamburg,-1.1361026551483764,1700089.0,-0.7333358143712257,-0.7326236573467549,-0.732736173691366,1998
Hamburg,-1.0279024022771024,1704735.0,-0.7333175481494354,-0.7333211408601112,-0.733728269639316,1999
Hamburg,-0.9197021494058285,1715392.0,-0.7340170369956419,-0.7343158316339976,-0.7327353188047241,2000
Hamburg,-0.8115018965345546,1726363.0,-0.7350145876021213,-0.7333202837375142,-0.7304576870689846,2001
Hamburg,-0.7033016436632806,1728806.0,-0.7340161774087341,-0.7310366948583011,-0.7281129467318543,2002
Hamburg,-0.5951013907920067,1734083.0,-0.7317260229896795,-0.7286858218552189,-0.7275908247153008,2003
Hamburg,-0.48690113792073275,1734830.0,-0.7293683909983641,-0.7281623342290655,-0.7264630155129458,2004
Hamburg,-0.3787008850494588,1743627.0,-0.7288433982944371,-0.7270315752428961,-0.7263033654325669,2005
Hamburg,-0.2705006321781849,1754182.0,-0.7277093882663475,-0.7268715075978954,-0.7244232559853209,2006
Hamburg,-0.1623003793069109,1770629.0,-0.7275488604113195,-0.7249864807263146,-0.7221674238589504,2007
Hamburg,-0.05410012643563697,1772100.0,-0.7256584139043828,-0.7227247484733265,-0.7186523437090295,2008
Hamburg,0.05410012643563697,1774224.0,-0.7233901789514766,-0.7192004746348712,-0.7183379591464628,2009
Hamburg,0.1623003793069109,1786448.0,-0.7198557724834096,-0.718885267799803,-0.7178840143396025,2010
Hamburg,0.2705006321781849,1718187.0,-0.7195396593980732,-0.718430135700765,-0.7152714807618903,2011
Hamburg,0.3787008850494588,1734272.0,-0.7190832187500417,-0.7158107690441542,-0.729860335027942,2012
Hamburg,0.48690113792073275,1746342.0,-0.716456321159864,-0.7304377804436065,-0.7264226221191149,2013
Hamburg,0.5951013907920067,1762791.0,-0.7311253866378677,-0.7269910762001851,-0.7238430016771167,2014
Hamburg,0.7033016436632806,1787408.0,-0.7276687727849549,-0.7244047087635611,-0.7203274940838748,2015
Hamburg,0.8115018965345546,1810438.0,-0.7250749692907267,-0.7208800063638073,-0.7150663079678291,2016
Hamburg,0.9197021494058285,1830584.0,-0.7215401330292057,-0.7156050596208602,-0.7101442981269658,2017
Hamburg,1.0279024022771024,1841179.0,-0.7162500203019967,-0.7106701762682959,-0.7058386615549279,2018
Hamburg,1.1361026551483764,1847253.0,-0.7113009486804496,-0.7063532783082108,-0.7035742805621382,2019
Hamburg,1.2443029080196504,1852478.0,-0.7069716392194123,-0.7040829748292522,-0.7022761351963803,2020
Hamburg,1.3525031608909244,1853935.0,-0.7046948083974283,-0.7027814341656189,-0.7011594395203703,2021
Hamburg,1.4607034137621981,1832675.0,-0.7033895256779634,-0.7016618177732112,-0.7008480470610504,2022
Hamburg,1.5689036666334721,1851596.0,-0.7022666902796749,-0.7013496108672327,-0.7053917695628634,2023
Hamburg,1.6771039195047461,1862565.0,-0.7019535857485159,-0.7059052174705985,-0.701347942024914,2024
Hessen,-1.6771039195047461,5967305.0,0.138158306152731,0.15221485601021326,0.16872212782214302,1993
Hessen,-1.5689036666334721,5980693.0,0.15406496188121196,0.17049492391832882,0.17826821950915997,1994
Hessen,-1.4607034137621981,6009913.0,0.17239758676017689,0.1800659833983824,0.1811295250996714,1995
Hessen,-1.3525031608909244,6027284.0,0.18199616396590954,0.18293477273073716,0.18737447201890833,1996
Hessen,-1.2443029080196504,6031705.0,0.18487320134625138,0.1891960533022494,0.19108703098311314,1997
Hessen,-1.1361026551483764,6035137.0,0.19115248370758903,0.19291832246062512,0.1920318944440969,1998
Hessen,-1.0279024022771024,6051966.0,0.19488545475135347,0.193865657211024,0.19276538718286562,1999
Hessen,-0.9197021494058285,6068129.0,0.19583551318117803,0.1946010683993002,0.19636210900709006,2000
Hessen,-0.8115018965345546,6077826.0,0.19657303874805382,0.1982071974457745,0.19981649220543454,2001
Hessen,-0.7033016436632806,6091618.0,0.20018953576581397,0.20167061557983856,0.20188895114711286,2002
Hessen,-0.5951013907920067,6089428.0,0.20366291156342864,0.20374849503575762,0.20483660028845835,2003
Hessen,-0.48690113792073275,6097765.0,0.2057467651246159,0.20670385375041525,0.2043685498520063,2004
Hessen,-0.3787008850494588,6092354.0,0.20871062078264357,0.20623457912852575,0.2061503473354313,2005
Hessen,-0.2705006321781849,6075359.0,0.20823999695063367,0.20802103690144488,0.20499389943057192,2006
Hessen,-0.1623003793069109,6072555.0,0.2100315909631755,0.20686156430827402,0.20136169981070776,2007
Hessen,-0.05410012643563697,6064953.0,0.20886878477367524,0.20321986467402178,0.20076242427472074,2008
Hessen,0.05410012643563697,6061951.0,0.20521661489924217,0.20261902173348378,0.19913771221174884,2009
Hessen,0.1623003793069109,6067021.0,0.20461404447688794,0.20099006023777413,0.19849611978698672,2010
Hessen,0.2705006321781849,5993771.0,0.20298039955865083,0.20034678972868175,0.19957968860562228,2011
Hessen,0.3787008850494588,6016481.0,0.20233527958436143,0.20143319262045337,0.1839245769754339,2012
Hessen,0.48690113792073275,6045425.0,0.20342480598997342,0.18573713506181988,0.18877819588494352,2013
Hessen,0.5951013907920067,6093888.0,0.1876836207412402,0.19060344860661943,0.19496415562588784,2014
Hessen,0.7033016436632806,6176172.0,0.19256392541016487,0.1968055877189346,0.20532174845774884,2015
Hessen,0.8115018965345546,6213088.0,0.19878389627486567,0.20719027082424596,0.22290762156871702,2016
Hessen,0.9197021494058285,6243262.0,0.2091984363528091,0.22482213976833604,0.23079737038701098,2017
Hessen,1.0279024022771024,6265809.0,0.2268809986327649,0.2327325242165888,0.2372462077703462,2018
Hessen,1.1361026551483764,6288080.0,0.23481412620467254,0.2391982285274995,0.2420649900491975,2019
Hessen,1.2443029080196504,6293154.0,0.2412984200435159,0.2440296143264689,0.2468247851497562,2020
Hessen,1.3525031608909244,6295017.0,0.24614369654594848,0.24880185866624127,0.24790920885503367,2021
Hessen,1.4607034137621981,6236933.0,0.25092966155174423,0.24988911868060998,0.24830737230850863,2022
Hessen,1.5689036666334721,6267546.0,0.252020047544264,0.25028832353019,0.23589356338116582,2023
Hessen,1.6771039195047461,6280793.0,0.2524204001465628,0.2378420462983037,0.24243622457345193,2024
Mecklenburg-Vorpommern,-1.6771039195047461,1843455.0,-0.6869056573409077,-0.6932665162156727,-0.6984874913210445,1993
Mecklenburg-Vorpommern,-1.5689036666334721,1832298.0,-0.6938472514146904,-0.698982881096105,-0.7030878500628849,1994
Mecklenburg-Vorpommern,-1.4607034137621981,1823084.0,-0.6995800513994065,-0.703595272071526,-0.7054723426288645,1995
Mecklenburg-Vorpommern,-1.3525031608909244,1817196.0,-0.7042057034469011,-0.7059860012753713,-0.7074415740085308,1996
Mecklenburg-Vorpommern,-1.2443029080196504,1807799.0,-0.7066033062294282,-0.7079603831776955,-0.7086999671454393,1997
Mecklenburg-Vorpommern,-1.1361026551483764,1798689.0,-0.7085833646715011,-0.7092220676405656,-0.7107083095889735,1998
Mecklenburg-Vorpommern,-1.0279024022771024,1789322.0,-0.7098486765997541,-0.7112356629017053,-0.7126553139159498,1999
Mecklenburg-Vorpommern,-0.9197021494058285,1775703.0,-0.7118680611428578,-0.7131877596165059,-0.7146572447096696,2000
Mecklenburg-Vorpommern,-0.8115018965345546,1759877.0,-0.7138257703253282,-0.7151949264581676,-0.717567920003752,2001
Mecklenburg-Vorpommern,-0.7033016436632806,1744624.0,-0.7158387079666236,-0.7181132146205026,-0.7209502790025146,2002
Mecklenburg-Vorpommern,-0.5951013907920067,1732226.0,-0.7187653864908898,-0.7215044201757644,-0.724210175489822,2003
Mecklenburg-Vorpommern,-0.48690113792073275,1719653.0,-0.722166342091524,-0.7247728429189977,-0.7268598966364578,2004
Mecklenburg-Vorpommern,-0.3787008850494588,1707266.0,-0.7254441618676185,-0.7274294944085805,-0.7295470190736777,2005
Mecklenburg-Vorpommern,-0.2705006321781849,1693754.0,-0.7281084514882846,-0.7301236450117846,-0.7321943892820483,2006
Mecklenburg-Vorpommern,-0.1623003793069109,1679682.0,-0.7308103480361662,-0.7327779394142254,-0.7350821963584593,2007
Mecklenburg-Vorpommern,-0.05410012643563697,1664356.0,-0.733472273792836,-0.735673299547089,-0.7380896875647392,2008
Mecklenburg-Vorpommern,0.05410012643563697,1651216.0,-0.736375958367319,-0.7386886568435408,-0.7413651857332617,2009
Mecklenburg-Vorpommern,0.1623003793069109,1642327.0,-0.7393999851088913,-0.7419727220741703,-0.7441734883519739,2010
Mecklenburg-Vorpommern,0.2705006321781849,1606899.0,-0.7426934923460529,-0.7447883698055074,-0.7460732601919842,2011
Mecklenburg-Vorpommern,0.3787008850494588,1600327.0,-0.7455172353381123,-0.7466931104968206,-0.7536449911794832,2012
Mecklenburg-Vorpommern,0.48690113792073275,1596505.0,-0.7474274523439278,-0.7542846453389677,-0.7550495699321604,2013
Mecklenburg-Vorpommern,0.5951013907920067,1599138.0,-0.7550408135861411,-0.7556928977659347,-0.7558664141185164,2014
Mecklenburg-Vorpommern,0.7033016436632806,1612362.0,-0.7564531148756247,-0.7565118784074242,-0.7553036849864716,2015
Mecklenburg-Vorpommern,0.8115018965345546,1610674.0,-0.7572744501660091,-0.7559476774579104,-0.7524774297482789,2016
Mecklenburg-Vorpommern,0.9197021494058285,1611119.0,-0.7567086270839625,-0.753114030152035,-0.7528381919111699,2017
Mecklenburg-Vorpommern,1.0279024022771024,1609675.0,-0.7538668327668396,-0.7534757358879938,-0.752743085772256,2018
Mecklenburg-Vorpommern,1.1361026551483764,1608138.0,-0.7542295784419231,-0.753380380999071,-0.7530516998499898,2019
Mecklenburg-Vorpommern,1.2443029080196504,1610774.0,-0.7541339493984325,-0.7536898022566091,-0.7533801900421481,2020
Mecklenburg-Vorpommern,1.3525031608909244,1611160.0,-0.7544442602721413,-0.7540191516145288,-0.7528168197451218,2021
Mecklenburg-Vorpommern,1.4607034137621981,1576049.0,-0.7547745565414561,-0.7534543078230672,-0.7527343231841763,2022
Mecklenburg-Vorpommern,1.5689036666334721,1578041.0,-0.7542080887692286,-0.7533715954924511,-0.7602383044053033,2023
Mecklenburg-Vorpommern,1.6771039195047461,1573597.0,-0.7541251386326278,-0.7608952033687812,-0.7598125708576263,2024
Niedersachsen,-1.6771039195047461,7648004.0,0.48713662242442435,0.5033051286043246,0.5224060430395867,1993
Niedersachsen,-1.5689036666334721,7715363.0,0.5061646531117838,0.5251038990540146,0.5374700005568863,1994
Niedersachsen,-1.4607034137621981,7780422.0,0.5280260971439152,0.540207256336782,0.5518660778851847,1995
Niedersachsen,-1.3525031608909244,7815148.0,0.5431728780459181,0.5546409865905977,0.5657705953943782,1996
Niedersachsen,-1.2443029080196504,7845398.0,0.5576481066762173,0.5685818713511047,0.5731922937762202,1997
Niedersachsen,-1.1361026551483764,7865840.0,0.5716290728345427,0.576022981177468,0.5796573740057518,1998
Niedersachsen,-1.0279024022771024,7898760.0,0.5790915765744404,0.5825049708177227,0.5840262721892919,1999
Niedersachsen,-0.9197021494058285,7926193.0,0.5855922025645316,0.58688529584999,0.5910619892523062,2000
Niedersachsen,-0.8115018965345546,7956416.0,0.5899851214567446,0.5939394148237814,0.5969250155642647,2001
Niedersachsen,-0.7033016436632806,7980472.0,0.5970595217077794,0.5998177758750578,0.6033843253089635,2002
Niedersachsen,-0.5951013907920067,7993415.0,0.6029547836180661,0.6062939799377824,0.6085256135734797,2003
Niedersachsen,-0.48690113792073275,8000909.0,0.6094496073965298,0.6114487152364921,0.6112918130250773,2004
Niedersachsen,-0.3787008850494588,7993946.0,0.6146191630599226,0.6142221496799242,0.6128934431487173,2005
Niedersachsen,-0.2705006321781849,7982685.0,0.6174005713967738,0.6158279688655133,0.6114052992267924,2006
Niedersachsen,-0.1623003793069109,7971684.0,0.6190110074685009,0.6143359327046837,0.6089985796081228,2007
Niedersachsen,-0.05410012643563697,7947244.0,0.6175146815587818,0.6119229183133148,0.6066474276211781,2008
Niedersachsen,0.05410012643563697,7928815.0,0.6150947295166522,0.6095656168907547,0.6014240702390373,2009
Niedersachsen,0.1623003793069109,7918293.0,0.6127306506235285,0.6043285978227273,0.5974853937580443,2010
Niedersachsen,0.2705006321781849,7774253.0,0.6074785746169887,0.6003796197374296,0.5952366144464697,2011
Niedersachsen,0.3787008850494588,7778995.0,0.6035182428361163,0.5981249587458672,0.5644521464708747,2012
Niedersachsen,0.48690113792073275,7790559.0,0.6012570994751993,0.5672599740257912,0.5654656145848727,2013
Niedersachsen,0.5951013907920067,7826739.0,0.570303374926018,0.5682760928646041,0.5679370918666679,2014
Niedersachsen,0.7033016436632806,7926599.0,0.571322415205192,0.5707540342927001,0.5756695415428483,2015
Niedersachsen,0.8115018965345546,7945685.0,0.5738074809555859,0.5785067081830941,0.5970117865584198,2016
Niedersachsen,0.9197021494058285,7962775.0,0.5815824445364618,0.5999047738186593,0.6010908781703485,2017
Niedersachsen,1.0279024022771024,7982448.0,0.6030420316892058,0.6039945342905237,0.6047433813479582,2018
Niedersachsen,1.1361026551483764,7993608.0,0.6071435506196812,0.6076565905864562,0.6089479275745889,2019
Niedersachsen,1.2443029080196504,8003421.0,0.610816135683174,0.611872133799439,0.61133306130555,2020
Niedersachsen,1.3525031608909244,8027031.0,0.6150437989923663,0.6142635058452323,0.6134303119598441,2021
Niedersachsen,1.4607034137621981,7982947.0,0.6174420464650743,0.6163662418564659,0.618476280363786,2022
Niedersachsen,1.5689036666334721,8008135.0,0.6195508280465871,0.6214254079856036,0.6090545746831686,2023
Niedersachsen,1.6771039195047461,8004489.0,0.6246245397697624,0.611979059843422,0.6144377958673486,2024
Nordrhein-Westfalen,-1.6771039195047461,17759300.0,2.6280250643232783,2.653413448654878,2.681346599744648,1993
Nordrhein-Westfalen,-1.5689036666334721,17816079.0,2.6624547434307977,2.6896911625753788,2.6984729712855837,1994
Nordrhein-Westfalen,-1.4607034137621981,17893045.0,2.6988367593026137,2.7068623281235498,2.7106078734459995,1995
Nordrhein-Westfalen,-1.3525031608909244,17947715.0,2.7160572936196377,2.719028969108146,2.727057174766533,1996
Nordrhein-Westfalen,-1.2443029080196504,17974487.0,2.728258914878857,2.7355212935594464,2.7387413379449956,1997
Nordrhein-Westfalen,-1.1361026551483764,17975516.0,2.7447986563649183,2.7472360166547434,2.744463094239377,1998
Nordrhein-Westfalen,-1.0279024022771024,17999800.0,2.7565470604270104,2.752972738196856,2.744683013828011,1999
Nordrhein-Westfalen,-0.9197021494058285,18009865.0,2.7623002756007864,2.753193232984949,2.7498730306311168,2000
Nordrhein-Westfalen,-0.8115018965345546,18052092.0,2.762521404332813,2.758396824271691,2.752024139143852,2001
Nordrhein-Westfalen,-0.7033016436632806,18076355.0,2.767739956449949,2.7605535590065395,2.761048963700957,2002
Nordrhein-Westfalen,-0.5951013907920067,18079686.0,2.769902892006652,2.769601987983037,2.766234492349193,2003
Nordrhein-Westfalen,-0.48690113792073275,18075352.0,2.7789773360953656,2.7748010793761444,2.7669463992002528,2004
Nordrhein-Westfalen,-0.3787008850494588,18058105.0,2.784191375381236,2.7755148482188448,2.766020129523731,2005
Nordrhein-Westfalen,-0.2705006321781849,18028745.0,2.7849071963786907,2.774586155884932,2.7623340720454257,2006
Nordrhein-Westfalen,-0.1623003793069109,17996621.0,2.78397583396411,2.7708904575270648,2.7560592040937215,2007
Nordrhein-Westfalen,-0.05410012643563697,17933064.0,2.7802695101144868,2.764599177664656,2.7491936094724494,2008
Nordrhein-Westfalen,0.05410012643563697,17872763.0,2.773960142211377,2.757715626087679,2.7356101018972976,2009
Nordrhein-Westfalen,0.1623003793069109,17845154.0,2.7670567997549904,2.7440965908623673,2.7227224720486696,2010
Nordrhein-Westfalen,0.2705006321781849,17544938.0,2.753398608480537,2.7311752534310614,2.716821830724467,2011
Nordrhein-Westfalen,0.3787008850494588,17554329.0,2.7404401209490166,2.7252591789855147,2.6526591687016867,2012
Nordrhein-Westfalen,0.48690113792073275,17571856.0,2.7345070372147875,2.660928699585887,2.654666228815258,2013
Nordrhein-Westfalen,0.5951013907920067,17638098.0,2.6699916014382183,2.662941009163131,2.658412128358498,2014
Nordrhein-Westfalen,0.7033016436632806,17865516.0,2.6720096966009605,2.666696706102792,2.6725694785920395,2015
Nordrhein-Westfalen,0.8115018965345546,17890100.0,2.6757761915341285,2.680891084871379,2.7211736311751684,2016
Nordrhein-Westfalen,0.9197021494058285,17912134.0,2.69001138052043,2.729622361565841,2.7264277644764183,2017
Nordrhein-Westfalen,1.0279024022771024,17932651.0,2.738882764368845,2.7348902370473622,2.7311369075434433,2018
Nordrhein-Westfalen,1.1361026551483764,17947221.0,2.7441657855040646,2.739611696873259,2.7355218348515193,2019
Nordrhein-Westfalen,1.2443029080196504,17925570.0,2.7489008199855745,2.744008092954221,2.7386357594447186,2020
Nordrhein-Westfalen,1.3525031608909244,17924591.0,2.7533098561323084,2.7471301620140065,2.7340084717736577,2021
Nordrhein-Westfalen,1.4607034137621981,17964420.0,2.7564409014438995,2.7424907716767786,2.7337992382680474,2022
Nordrhein-Westfalen,1.5689036666334721,18017520.0,2.75178817240881,2.7422809909211483,2.7423115582833204,2023
Nordrhein-Westfalen,1.6771039195047461,18034454.0,2.7515777885131305,2.750815574900709,2.753660178454829,2024
Rheinland-Pfalz,-1.6771039195047461,3925863.0,-0.2915921683922061,-0.27979528956894334,-0.2676278296174911,1993
Rheinland-Pfalz,-1.5689036666334721,3951573.0,-0.2791872548292965,-0.26699630638836747,-0.25803215450524264,1994
Rheinland-Pfalz,-1.4607034137621981,3977919.0,-0.26635147332886194,-0.2573755337976845,-0.2525373706142919,1995
Rheinland-Pfalz,-1.3525031608909244,4000567.0,-0.256703040082478,-0.2518663783050911,-0.2469066597472756,1996
Rheinland-Pfalz,-1.2443029080196504,4017828.0,-0.25117804523271786,-0.2462209403195654,-0.2420662915807158,1997
Rheinland-Pfalz,-1.1361026551483764,4024969.0,-0.2455163760646206,-0.24136791217502027,-0.23837724199916385,1998
Rheinland-Pfalz,-1.0279024022771024,4030773.0,-0.24064939499276655,-0.23766921388806364,-0.23685105562167338,1999
Rheinland-Pfalz,-0.9197021494058285,4034557.0,-0.2369400625889661,-0.23613903577166498,-0.23561061510424522,2000
Rheinland-Pfalz,-0.8115018965345546,4049066.0,-0.2354054850618507,-0.2348953508833331,-0.23480189234098744,2001
Rheinland-Pfalz,-0.7033016436632806,4057727.0,-0.23415822445866097,-0.23408451290651577,-0.2317010047690775,2002
Rheinland-Pfalz,-0.5951013907920067,4058682.0,-0.23334505524390045,-0.2309755149663354,-0.22984996146765688,2003
Rheinland-Pfalz,-0.48690113792073275,4061105.0,-0.2302271186326531,-0.2291196302630545,-0.2296458572818981,2004
Rheinland-Pfalz,-0.3787008850494588,4058843.0,-0.22836589808058103,-0.2289149922430068,-0.22912800969855412,2005
Rheinland-Pfalz,-0.2705006321781849,4052860.0,-0.2281606717063484,-0.2283957902298386,-0.22961144809456077,2006
Rheinland-Pfalz,-0.1623003793069109,4045643.0,-0.22763997693696028,-0.2288804930584752,-0.2308901447892149,2007
Rheinland-Pfalz,-0.05410012643563697,4028351.0,-0.22812607333331023,-0.23016253418302543,-0.23243257401290188,2008
Rheinland-Pfalz,0.05410012643563697,4012675.0,-0.22941180045062315,-0.2317089976287682,-0.23612824896592874,2009
Rheinland-Pfalz,0.1623003793069109,4003745.0,-0.2309627101289864,-0.235414338615852,-0.23947854971561927,2010
Rheinland-Pfalz,0.2705006321781849,3990033.0,-0.23467870433132215,-0.23877340207372422,-0.24138708414370913,2011
Rheinland-Pfalz,0.3787008850494588,3990278.0,-0.23804742542291452,-0.2406869282716573,-0.2443176355522162,2012
Rheinland-Pfalz,0.48690113792073275,3994366.0,-0.23996645319453483,-0.24362514453437378,-0.2442652737453985,2013
Rheinland-Pfalz,0.5951013907920067,4011582.0,-0.2429131171144069,-0.24357264577530394,-0.2433915795973547,2014
Rheinland-Pfalz,0.7033016436632806,4052803.0,-0.24286046741630535,-0.24269666648111018,-0.23971214749052433,2015
Rheinland-Pfalz,0.8115018965345546,4066053.0,-0.24198196959655352,-0.23900761082337046,-0.23090232692386228,2016
Rheinland-Pfalz,0.9197021494058285,4073679.0,-0.2382823075454656,-0.2301747481800335,-0.22807051492249716,2017
Rheinland-Pfalz,1.0279024022771024,4084844.0,-0.229424049564059,-0.22733552957727726,-0.22644067353967373,2018
Rheinland-Pfalz,1.1361026551483764,4093903.0,-0.2265766679320356,-0.22570142534598528,-0.22405447120041022,2019
Rheinland-Pfalz,1.2443029080196504,4098391.0,-0.22493786549235179,-0.22330898189694579,-0.22211836667811838,2020
Rheinland-Pfalz,1.3525031608909244,4106485.0,-0.22253854353600905,-0.22136781349525758,-0.2211591838658824,2021
Rheinland-Pfalz,1.4607034137621981,4108555.0,-0.2205917940866128,-0.22040612194135795,-0.21942932074595414,2022
Rheinland-Pfalz,1.5689036666334721,4125163.0,-0.21962733757608294,-0.2186717343662101,-0.21898691690875974,2023
Rheinland-Pfalz,1.6771039195047461,4129569.0,-0.21788796346818878,-0.21822817342223233,-0.21543742757150147,2024
Saarland,-1.6771039195047461,1084522.0,-0.8697819123843337,-0.8678576750622022,-0.865398337671394,1993
Saarland,-1.5689036666334721,1084201.0,-0.8689403768016164,-0.866330282594244,-0.8652882710162465,1994
Saarland,-1.4607034137621981,1084370.0,-0.8674085929319513,-0.8662199280598727,-0.8653568756692608,1995
Saarland,-1.3525031608909244,1084184.0,-0.8672979211175745,-0.8662887121482866,-0.8653207567086395,1996
Saarland,-1.2443029080196504,1080790.0,-0.867366902966924,-0.8662524987185609,-0.865360508937489,1997
Saarland,-1.1361026551483764,1074223.0,-0.8673305854200702,-0.8662923549193242,-0.8660858802531594,1998
Saarland,-1.0279024022771024,1071501.0,-0.867370556211282,-0.8670196234429283,-0.867489390397534,1999
Saarland,-0.9197021494058285,1068703.0,-0.8680999157025339,-0.8684268044666491,-0.8680711407573617,2000
Saarland,-0.8115018965345546,1066470.0,-0.8695111425083828,-0.8690100763939473,-0.8686691339633857,2001
Saarland,-0.7033016436632806,1064988.0,-0.8700960913991275,-0.8696096336505897,-0.8691463744312384,2002
Saarland,-0.5951013907920067,1061376.0,-0.8706973724411201,-0.8700881223403977,-0.8694631099320704,2003
Saarland,-0.48690113792073275,1056417.0,-0.8711772368323886,-0.8704056862626078,-0.8702350725697255,2004
Saarland,-0.3787008850494588,1050293.0,-0.8714957137817213,-0.8711796679677516,-0.8712949182840478,2005
Saarland,-0.2705006321781849,1043167.0,-0.8722719207594473,-0.8722422857074549,-0.8726037497328297,2006
Saarland,-0.1623003793069109,1036598.0,-0.8733375936283684,-0.8735545404035514,-0.874126730285413,2007
Saarland,-0.05410012643563697,1030324.0,-0.8746536211841806,-0.8750815043102111,-0.8755306678731086,2008
Saarland,0.05410012643563697,1022585.0,-0.8761849752603917,-0.8764891138952304,-0.8768715575709626,2009
Saarland,0.1623003793069109,1017567.0,-0.8775966318596945,-0.8778335106887166,-0.8785255495014203,2010
Saarland,0.2705006321781849,997855.0,-0.8789448939245484,-0.8794918286333756,-0.8795980047937109,2011
Saarland,0.3787008850494588,994287.0,-0.8806079796943771,-0.8805670889313855,-0.8838108861651003,2012
Saarland,0.48690113792073275,990718.0,-0.8816863314701879,-0.8847909890896897,-0.8845734450496943,2013
Saarland,0.5951013907920067,989035.0,-0.8859223757517309,-0.8855555424462658,-0.8853362176559487,2014
Saarland,0.7033016436632806,995597.0,-0.8866891272734714,-0.8863203100834912,-0.8856959112105373,2015
Saarland,0.8115018965345546,996651.0,-0.8874560936919386,-0.8866809444162036,-0.884293469674465,2016
Saarland,0.9197021494058285,994187.0,-0.8878177648833874,-0.8852748347957292,-0.8840682070443187,2017
Saarland,1.0279024022771024,990509.0,-0.8864076125611732,-0.8850489829914042,-0.8845948172157423,2018
Saarland,1.1361026551483764,986887.0,-0.886181111410973,-0.8855769705111923,-0.8853808854829892,2019
Saarland,1.2443029080196504,983991.0,-0.8867106169461658,-0.8863650947391876,-0.8861549853372491,2020
Saarland,1.3525031608909244,982348.0,-0.8875010071078702,-0.887141219250824,-0.8867739232660004,2021
Saarland,1.4607034137621981,1011891.0,-0.8882793630528655,-0.8877617760110944,-0.8871250679541696,2022
Saarland,1.5689036666334721,1014047.0,-0.8889017039740987,-0.8881138391178361,-0.8808110889385975,2023
Saarland,1.6771039195047461,1012141.0,-0.8892547792964697,-0.8817833458966114,-0.8803503050386018,2024
Sachsen,-1.6771039195047461,4607660.0,-0.0765254581360294,-0.09601920497233501,-0.10519252855926142,1993
Sachsen,-1.5689036666334721,4584345.0,-0.094882796138593,-0.10413615596647888,-0.1123173675546961,1994
Sachsen,-1.4607034137621981,4566603.0,-0.10302308415527578,-0.11127962997101355,-0.11730028806879632,1995
Sachsen,-1.3525031608909244,4545702.0,-0.11018709634144669,-0.1162755833086182,-0.12109213776903935,1996
Sachsen,-1.2443029080196504,4522412.0,-0.11519741353017315,-0.12007735058787111,-0.1255591341947399,1997
Sachsen,-1.1361026551483764,4489415.0,-0.11901011125963425,-0.12455603043815096,-0.13053671166732814,1998
Sachsen,-1.0279024022771024,4459686.0,-0.1235016677495151,-0.129546626759524,-0.1375888852981995,1999
Sachsen,-0.9197021494058285,4425581.0,-0.12850661252006795,-0.13661724534330869,-0.14394261654262092,2000
Sachsen,-0.8115018965345546,4384192.0,-0.13559755981907748,-0.14298759476529663,-0.1512315937733045,2001
Sachsen,-0.7033016436632806,4349059.0,-0.14198622461443025,-0.1502956363084665,-0.16007731957892726,2002
Sachsen,-0.5951013907920067,4321437.0,-0.14931527748689502,-0.15916449810087993,-0.1675860026765847,2003
Sachsen,-0.48690113792073275,4296284.0,-0.1582096381184284,-0.16669282015149386,-0.17348942238237397,2004
Sachsen,-0.3787008850494588,4273754.0,-0.16575960482619279,-0.17261168024548124,-0.17886516330843713,2005
Sachsen,-0.2705006321781849,4249774.0,-0.1716954822178721,-0.17800148141643427,-0.18368031231906026,2006
Sachsen,-0.1623003793069109,4220200.0,-0.17710077959072376,-0.18282922444436617,-0.18880535773737994,2007
Sachsen,-0.05410012643563697,4192801.0,-0.18194240284879828,-0.1879676744137318,-0.19512596212442693,2008
Sachsen,0.05410012643563697,4168732.0,-0.18709562636094332,-0.1943048103350837,-0.20098172189992905,2009
Sachsen,0.1623003793069109,4149477.0,-0.19345098216361956,-0.20017588584428506,-0.20612578854603147,2010
Sachsen,0.2705006321781849,4054182.0,-0.19933893758519008,-0.20533340679143522,-0.21024099911858135,2011
Sachsen,0.3787008850494588,4050204.0,-0.2045112869060332,-0.2094593806930255,-0.23060760475405984,2012
Sachsen,0.48690113792073275,4046385.0,-0.20864912338336233,-0.2298792551646976,-0.2314577895194508,2013
Sachsen,0.5951013907920067,4055274.0,-0.22912770697760163,-0.23073166358747224,-0.23227399254082542,2014
Sachsen,0.7033016436632806,4084851.0,-0.2299825661573895,-0.23155000138701384,-0.23037422070081526,2015
Sachsen,0.8115018965345546,4081783.0,-0.23080325675759308,-0.22964526069570063,-0.22405297514878686,2016
Sachsen,0.9197021494058285,4081308.0,-0.22889303975177752,-0.2233074819324009,-0.22470867320314067,2017
Sachsen,1.0279024022771024,4077937.0,-0.22253703925892043,-0.22396489496434477,-0.22481019099186886,2018
Sachsen,1.1361026551483764,4071971.0,-0.2231963424171882,-0.22406667827274548,-0.22553064670934825,2019
Sachsen,1.2443029080196504,4056941.0,-0.22329841836248715,-0.2247890183414165,-0.22680571013577425,2020
Sachsen,1.3525031608909244,4043002.0,-0.22402283522901928,-0.22606741669492925,-0.23001794669279446,2021
Sachsen,1.4607034137621981,4049967.0,-0.22530490910197412,-0.2292880548533765,-0.23299701291823058,2022
Sachsen,1.5689036666334721,4054689.0,-0.22853480690795994,-0.23227491282347607,-0.23150844155298467,2023
Sachsen,1.6771039195047461,4042422.0,-0.23153025238484856,-0.23078244810134796,-0.23049924787219628,2024
Sachsen-Anhalt,-1.6771039195047461,2777935.0,-0.4827541965364567,-0.49362830655725076,-0.4992986900316631,1993
Sachsen-Anhalt,-1.5689036666334721,2759213.0,-0.4936350625118711,-0.49927310170082867,-0.5033692327771726,1994
Sachsen-Anhalt,-1.4607034137621981,2738928.0,-0.49929608698978756,-0.5033542909467227,-0.5073705297046864,1995
Sachsen-Anhalt,-1.3525031608909244,2723620.0,-0.5033890100511852,-0.5073660532622549,-0.5117058735875311,1996
Sachsen-Anhalt,-1.2443029080196504,2701690.0,-0.5074123065730525,-0.5117127362325877,-0.5149775247661648,1997
Sachsen-Anhalt,-1.1361026551483764,2674490.0,-0.5117714866791351,-0.5149929444115305,-0.5196644407804997,1998
Sachsen-Anhalt,-1.0279024022771024,2648737.0,-0.5150611257752117,-0.5196921190499038,-0.5254776699455662,1999
Sachsen-Anhalt,-0.9197021494058285,2615375.0,-0.5197738109971191,-0.5255205527099014,-0.5309816438679177,2000
Sachsen-Anhalt,-0.8115018965345546,2580626.0,-0.5256190019700275,-0.5310389222704132,-0.5381118259048643,2001
Sachsen-Anhalt,-0.7033016436632806,2548911.0,-0.5311532373790463,-0.5381877532911795,-0.5455384398848973,2002
Sachsen-Anhalt,-0.5951013907920067,2522941.0,-0.5383226219833909,-0.5456337915724758,-0.5523166223470328,2003
Sachsen-Anhalt,-0.48690113792073275,2494437.0,-0.5457900683480084,-0.5524297023639033,-0.5578669738697084,2004
Sachsen-Anhalt,-0.3787008850494588,2469716.0,-0.5526055180430741,-0.5579945708253055,-0.5639588960800413,2005
Sachsen-Anhalt,-0.2705006321781849,2441787.0,-0.55818638604184,-0.5641024264519443,-0.5692423092487771,2006
Sachsen-Anhalt,-0.1623003793069109,2412472.0,-0.564311802346685,-0.5693996583824149,-0.5752113415043337,2007
Sachsen-Anhalt,-0.05410012643563697,2381872.0,-0.5696242643334963,-0.5753843026357266,-0.5814765919813163,2008
Sachsen-Anhalt,0.05410012643563697,2356219.0,-0.5756261150203478,-0.5816659398689189,-0.5880164747920161,2009
Sachsen-Anhalt,0.1623003793069109,2335006.0,-0.5819258125707453,-0.5882229277364164,-0.5934990765483196,2010
Sachsen-Anhalt,0.2705006321781849,2276736.0,-0.5885016524152673,-0.5937198692320017,-0.59803275413209,2011
Sachsen-Anhalt,0.3787008850494588,2259393.0,-0.5940143981515915,-0.5982654046448521,-0.6104863152882821,2012
Sachsen-Anhalt,0.48690113792073275,2244577.0,-0.5985730024202792,-0.6107515380775016,-0.6141928900459935,2013
Sachsen-Anhalt,0.5951013907920067,2235548.0,-0.6110950346993739,-0.6144678073776979,-0.6173593901676709,2014
Sachsen-Anhalt,0.7033016436632806,2245470.0,-0.6148219886347839,-0.6176425894772025,-0.6192890830401484,2015
Sachsen-Anhalt,0.8115018965345546,2236252.0,-0.6180058985412035,-0.6195773294594128,-0.6171685367248619,2016
Sachsen-Anhalt,0.9197021494058285,2223081.0,-0.6199462010887913,-0.6174512368574092,-0.6191386229911702,2017
Sachsen-Anhalt,1.0279024022771024,2208321.0,-0.6178139957640414,-0.6194264758823305,-0.6219535509813573,2018
Sachsen-Anhalt,1.1361026551483764,2194782.0,-0.6197949137930219,-0.6222487663137948,-0.6251080826900479,2019
Sachsen-Anhalt,1.2443029080196504,2180684.0,-0.6226253185836167,-0.6254115486969406,-0.6280016602512918,2020
Sachsen-Anhalt,1.3525031608909244,2169253.0,-0.6257971942733273,-0.6283126944073343,-0.6310147082207443,2021
Sachsen-Anhalt,1.4607034137621981,2150239.0,-0.6287066810594378,-0.631333623000667,-0.6334577605216957,2022
Sachsen-Anhalt,1.5689036666334721,2144570.0,-0.6317362951159107,-0.6337830651024109,-0.6375214641740697,2023
Sachsen-Anhalt,1.6771039195047461,2135597.0,-0.6341927796016209,-0.6378573973675283,-0.638733052267333,2024
Schleswig-Holstein,-1.6771039195047461,2694875.0,-0.5360120523752765,-0.5310828498035124,-0.5243908953020234,1993
Schleswig-Holstein,-1.5689036666334721,2708392.0,-0.5311972912080701,-0.5244309356083908,-0.5211209538966736,1994
Schleswig-Holstein,-1.4607034137621981,2725461.0,-0.5245262521135113,-0.5211524416746421,-0.5182320782119602,1995
Schleswig-Holstein,-1.3525031608909244,2742293.0,-0.5212383321912504,-0.5182560101385322,-0.5145840631892205,1996
Schleswig-Holstein,-1.2443029080196504,2756473.0,-0.5183335731331327,-0.5145984537362344,-0.5109867002000146,1997
Schleswig-Holstein,-1.1361026551483764,2766057.0,-0.5146655009009057,-0.5109916818478123,-0.5079561270544026,1998
Schleswig-Holstein,-1.0279024022771024,2777275.0,-0.5110483591929647,-0.50795318224124,-0.5059078186603586,1999
Schleswig-Holstein,-0.9197021494058285,2789761.0,-0.5080011236048823,-0.5058995164986878,-0.5035102890730896,2000
Schleswig-Holstein,-0.8115018965345546,2804249.0,-0.5059415533738398,-0.5034957161752374,-0.5008417604203316,2001
Schleswig-Holstein,-0.7033016436632806,2816507.0,-0.503530841890969,-0.5008202079885192,-0.4977453610032917,2002
Schleswig-Holstein,-0.5951013907920067,2823171.0,-0.5008476413583316,-0.4977157099419734,-0.4951255608891231,2003
Schleswig-Holstein,-0.48690113792073275,2828760.0,-0.4977342175783501,-0.4950890577432877,-0.4937013197436818,2004
Schleswig-Holstein,-0.3787008850494588,2832950.0,-0.4951000134994563,-0.49366109149658827,-0.4925068293832569,2005
Schleswig-Holstein,-0.2705006321781849,2834254.0,-0.49366794171109374,-0.4924634769478483,-0.4916113356258441,2006
Schleswig-Holstein,-0.1623003793069109,2837373.0,-0.49246688390419724,-0.4915656410274295,-0.4913326425805776,2007
Schleswig-Holstein,-0.05410012643563697,2834260.0,-0.491566466618297,-0.49128621906078845,-0.49066604472153935,2008
Schleswig-Holstein,0.05410012643563697,2832027.0,-0.4912862412863605,-0.4906178777157321,-0.49133136025061475,2009
Schleswig-Holstein,0.1623003793069109,2834259.0,-0.4906159783950185,-0.4912849333768929,-0.4918086007184675,2010
Schleswig-Holstein,0.2705006321781849,2802266.0,-0.49128495190599886,-0.49176342206670076,-0.4913315739722752,2011
Schleswig-Holstein,0.3787008850494588,2806531.0,-0.49176481629726737,-0.4912851476575421,-0.49816917105602426,2012
Schleswig-Holstein,0.48690113792073275,2815955.0,-0.49128516680272577,-0.49814062846946516,-0.4972576481740754,2013
Schleswig-Holstein,0.5951013907920067,2830864.0,-0.49816035778788237,-0.4972267215003516,-0.49524353524570824,2014
Schleswig-Holstein,0.7033016436632806,2858714.0,-0.49724382324746125,-0.49520734066168176,-0.49205715900960617,2015
Schleswig-Holstein,0.8115018965345546,2881926.0,-0.49521863649273007,-0.49201263046179555,-0.4861050107652274,2016
Schleswig-Holstein,0.9197021494058285,2889821.0,-0.4920147411907046,-0.4860449143797758,-0.48114410358215665,2017
Schleswig-Holstein,1.0279024022771024,2896712.0,-0.4860298673452818,-0.48107103194904544,-0.479456771072664,2018
Schleswig-Holstein,1.1361026551483764,2903773.0,-0.4810416845194307,-0.4793792862231013,-0.47798401511029365,2019
Schleswig-Holstein,1.2443029080196504,2910875.0,-0.4793450748601986,-0.4779026782690187,-0.4764749264656416,2020
Schleswig-Holstein,1.3525031608909244,2922005.0,-0.4778642215148195,-0.47638964260456124,-0.4749570752329099,2021
Schleswig-Holstein,1.4607034137621981,2939283.0,-0.47634683572585973,-0.47486782143348394,-0.4725783531517632,2022
Schleswig-Holstein,1.5689036666334721,2953202.0,-0.4748206391710952,-0.4724828778071687,-0.4688856703019831,2023
Schleswig-Holstein,1.6771039195047461,2959517.0,-0.4724288386001955,-0.4687805367491746,-0.46591087850975654,2024
Thüringen,-1.6771039195047461,2532799.0,-0.5391942431078804,-0.5474673910882332,-0.5529798006595035,1993
Thüringen,-1.5689036666334721,2517776.0,-0.5476289396404781,-0.5530946152185714,-0.5557601057406928,1994
Thüringen,-1.4607034137621981,2503785.0,-0.553272342586785,-0.5558821921848549,-0.5589708462460896,1995
Thüringen,-1.3525031608909244,2491119.0,-0.5560679341076147,-0.5591013303787573,-0.5619610259978708,1996
Thüringen,-1.2443029080196504,2478148.0,-0.5592963276365118,-0.5620993309426185,-0.5646680245495154,1997
Thüringen,-1.1361026551483764,2462836.0,-0.5623029477432016,-0.5648134096462043,-0.5674402082076064,1998
Thüringen,-1.0279024022771024,2449082.0,-0.565024829686689,-0.5675928439478157,-0.5707127142728821,1999
Thüringen,-0.9197021494058285,2431255.0,-0.5678122551318947,-0.5708739092493555,-0.5736522419911294,2000
Thüringen,-0.8115018965345546,2411387.0,-0.5711027538148791,-0.5738211252993412,-0.5774622580325133,2001
Thüringen,-0.7033016436632806,2392040.0,-0.5740584433972828,-0.5776411064337815,-0.5817084799829375,2002
Thüringen,-0.5951013907920067,2373157.0,-0.5778894073485342,-0.5818984343733711,-0.5858433529482516,2003
Thüringen,-0.48690113792073275,2355280.0,-0.5821589755194808,-0.5860441220946937,-0.5898790590631028,2004
Thüringen,-0.3787008850494588,2334575.0,-0.5863165824956889,-0.5900903835947575,-0.5936997611875107,2005
Thüringen,-0.2705006321781849,2311140.0,-0.5903744773905943,-0.5939210787616611,-0.598124868167757,2006
Thüringen,-0.1623003793069109,2289219.0,-0.594216186178193,-0.5983577596046852,-0.603133435281115,2007
Thüringen,-0.05410012643563697,2267763.0,-0.5986656229095927,-0.6033794266202015,-0.6078184278005055,2008
Thüringen,0.05410012643563697,2249882.0,-0.6037017277055525,-0.6080766727327312,-0.6124040397477727,2009
Thüringen,0.1623003793069109,2235025.0,-0.6084124788569174,-0.612674278343353,-0.6162255967588225,2010
Thüringen,0.2705006321781849,2181603.0,-0.6130233030302529,-0.6165058306328537,-0.6194008594685796,2011
Thüringen,0.3787008850494588,2170460.0,-0.6168658714047593,-0.6196893982389782,-0.6308182980147629,2012
Thüringen,0.48690113792073275,2160840.0,-0.6200585920769837,-0.6311366990839928,-0.6331997984774959,2013
Thüringen,0.5951013907920067,2156759.0,-0.6315388050238481,-0.6335244283587484,-0.6352558008513172,2014
Thüringen,0.7033016436632806,2170714.0,-0.633933399252198,-0.6355858082046741,-0.6361279989477376,2015
Thüringen,0.8115018965345546,2158128.0,-0.6360007057654106,-0.636460287534323,-0.6331455131757338,2016
Thüringen,0.9197021494058285,2151205.0,-0.6368776993080737,-0.6334700010738352,-0.6358354139945399,2017
Thüringen,1.0279024022771024,2143145.0,-0.633878815483554,-0.6361669373254798,-0.6373150090500457,2018
Thüringen,1.1361026551483764,2133378.0,-0.6365835056888858,-0.6376504022603388,-0.6390376056335176,2019
Thüringen,1.2443029080196504,2120237.0,-0.6380712357295272,-0.6393775042934116,-0.6411250250914295,2020
Thüringen,1.3525031608909244,2108863.0,-0.6398033033487052,-0.6414703833947791,-0.6439335414318023,2021
Thüringen,1.4607034137621981,2118830.0,-0.6419021996807786,-0.6442862454067655,-0.6463644115981062,2022
Thüringen,1.5689036666334721,2114870.0,-0.644726157569565,-0.6467234735115013,-0.6442342478080982,2023
Thüringen,1.6771039195047461,2100277.0,-0.6471703929418393,-0.6445877382802808,-0.6450805855836005,2024
